Step 1: Process raw data to find alpha cut for fuzzification,,,,,,,,,,,
sepal length,sepal width,petal length,petal width,iris,,,,,,,
,,,,,,,,,,,
Step 2: Fuzzification in matlab using fuzzy tool box,,,,,,,,,,,
Raw data,,Fuzification Result,,,,,,,,,
id,petal length,pl1,pl2,pl3,,,,,,,
,,,,,,,,,,,
Step 3: Training using java code and training.csv file ,,,,,,,,,,,
Raw data,,Fuzzification Result,,,After machine learning,,,Classification,,,
id,petal length,pl1,pl2,pl3,pl1,pl2,pl3,Context,,,
,,,,,,,,,,,
,,,,,,,,,,,
Step 4: After training testing our model using validated.csv dataset to measure the performance,,,,,,,,,,,
Raw data,,Fuzzification Result,,,After machine learning,,,Classification,machine ,original ,Final 
id,petal length,pl1,pl2,pl3,pl1,pl2,pl3,Context,output,class,Result